ug/ml_H17L19,WT_avg,WT_std,K294S_avg,K294S_std,K294T_avg,K294T_std,G390R_avg,G390R_std,N305S_avg,N305S_std,V148T_avg,V148T_std
0.001023875872,1.152284214,0.06223476958,0.8886037937,0.1504821092,0.8795486407,0.06929383645,1.007313596,0.09331464482,0.9447089947,0.06116633811,0.9607904774,0.1042856226
0.002389043701,1.031938184,0.01568305778,1.08733058,0.0495337539,0.9745952109,0.08596256138,1.031385678,0.09636248646,1.06968813,0.1143154427,0.9909059607,0.1022049637
0.005574435302,1.049971731,0.03230417154,0.9357895734,0.03499911763,1.002032103,0.05490077254,1.052245108,0.06222598789,1.084570983,0.06010221542,0.882403922,0.04874260936
0.0130070157,1.076016339,0.02339856707,0.9565916788,0.04766578501,0.9491833166,0.06566131442,1.012196908,0.02779488378,1.056376681,0.05352912337,0.9340740595,0.06223102449
0.03034970331,0.9716882787,0.02430392966,0.9904395084,0.01190916955,0.9918473954,0.01893315953,0.9503582768,0.03450076864,1.14123439,0.05200482519,1.14127662,0.02559010765
0.07081597439,0.8387461658,0.07779154865,0.8741668674,0.01804960716,0.8371502304,0.07341691493,0.8476802123,0.04237120356,0.925155987,0.009130334446,1.015632073,0.0206350735
0.1652372736,0.155490524,0.04356372512,0.2233573438,0.03220459169,0.1405137325,0.03810227356,0.2976500236,0.06628424126,0.1974283036,0.02972519047,1.014628573,0.02440639771
0.3855536384,-0.003293932829,0.004721789076,-0.005152390004,0.001676914429,-0.008203256977,0.0007631763175,0.001009598396,0.002707769495,-0.006661224103,0.001658163869,1.034198314,0.02064043853
0.8996251562,-0.02245872343,0.002477474351,-0.01780002781,0.0006777806428,-0.01825474616,0.002412775569,-0.01359359122,0.001511463573,-0.0148145604,0.004252848124,1.038006619,0.03969686569
2.099125364,-0.02165910584,0.003183421932,-0.01712614871,0.0006661106319,-0.01999658812,0.002344893202,-0.01528906508,0.0004594737668,-0.02034172781,0.001471706265,1.003378745,0.04615796053
4.897959184,-0.01911998302,0.001476620344,-0.01617219086,0.0009624160624,-0.01764070212,0.001287985038,-0.01647834275,0.0004101153444,-0.01338355258,0.001244818388,0.9573748549,0.04320000127
11.42857143,-0.02253356422,0.001678679255,-0.01853788315,0.00230333719,-0.01546716486,0.001067773617,-0.01469426321,0.001365219904,-0.02336518777,0.002240761419,0.700001565,0.04154571113